{
  "train_accuracy": 0.7189200287444821,
  "test_accuracy": 0.7542997542997543,
  "train_auc": 0.7952306796373781,
  "test_auc": 0.705999655412261
}