{
  "train_accuracy": 1.0,
  "test_accuracy": 0.9285714285714286,
  "train_auc": 1.0,
  "test_auc": 0.9586734693877552,
  "precision": 0.9295774647887324,
  "recall": 0.9428571428571428,
  "f1_score": 0.9361702127659575,
  "specificity": 0.9107142857142857
}