{
  "train_accuracy": 1.0,
  "test_accuracy": 0.9523809523809523,
  "train_auc": 1.0,
  "test_auc": 0.9803571428571429,
  "precision": 0.9848484848484849,
  "recall": 0.9285714285714286,
  "f1_score": 0.9558823529411765,
  "specificity": 0.9821428571428571
}