{
  "train_accuracy": 0.743250179653013,
  "test_accuracy": 0.7805077805077805,
  "train_auc": 0.7711947436571801,
  "test_auc": 0.671349664700901
}